क्र ,पुस्तकाचे नाव ,लेखक ,किंमत ,सवलतीत 
1,म्हणींच्या गोष्टी भाग - १,अचिंत्य बाक्रे,90,68
2,म्हणींच्या गोष्टी भाग - २,अचिंत्य बाक्रे,90,68
3,म्हणींच्या गोष्टी भाग - ३,अचिंत्य बाक्रे,90,68
4,गणिती,अच्युत गोडबोले,330,281
5,गुलाम,अच्युत गोडबोले,450,338
6,तंत्रज्ञ जीनियस (भाग-१),अच्युत गोडबोले,150,128
7,तंत्रज्ञ जीनियस (भाग-२),अच्युत गोडबोले,150,128
8,तंत्रज्ञ जीनियस (भाग-3) ,अच्युत गोडबोले,150,128
9,मनकल्लोळ भाग १ आणि २,अच्युत गोडबोले,700,595
10,माय लॉर्ड,अच्युत गोडबोले,299,254
11,लाईमलाईट,अच्युत गोडबोले,599,509
12,अॅमॅझाॅन,अतुल कहाते,130,98
13,एआय' चालतं कसं,अतुल कहाते,280,210
14,एआय'चं तुफान,अतुल कहाते,260,195
15,एआय'चे गॉडफादर,अतुल कहाते,180,135
16,गुगल,अतुल कहाते,150,113
17,तुमचे-आमचे सुपरहिरो - फिडेल कॅस्ट्रो,अतुल कहाते,130,98
18,तुमचे-आमचे सुपरहिरो नारायण मूर्ती,अतुल कहाते,99,74
19,तुमचे-आमचे सुपरहिरो-अमर्त्य सेन,अतुल कहाते,70,53
20,द इंटेलिजंट इन्व्हेस्टर,अतुल कहाते,550,413
21,द स्कॅम,अतुल कहाते,499,374
22,नेल्सन मंडेला,अतुल कहाते,250,188
23,पुअर इकॉनॉमिक्स - गरिबीचे अर्थकारण,अतुल कहाते,400,300
24,पॅलेस्टाईन-इस्रायल,अतुल कहाते,299,224
25,पैसा,अतुल कहाते,450,338
26,जंगलाचा राजा वाघ,अतुल धामणकर,180,135
27,सिंह,अतुल धामणकर,180,135
28,नाटक नावाचा तराफा,अतुल पेठे,299,224
29,राजयोग ,अदिती गोडसे,१६०,१०४
30,अज्जब गोष्टी गाज्जब गोष्टी,अनंत भावे,199,149
31,विचारा तुम्ही सांगतो आम्ही (भाग १ ते ६ ),अनिता रानडे,११००,७१५
32,प्लास्टिक: वरदान की शाप,अनिल केळकर,99,74
33,शिखंडिनी,अनु अदिती भावे,४००,२६०
34,करिअरथॉन,अनु ज्ञानदा गद्रे-मोनाली,३७०,२४१
35,तुमच्या पतीला एखाद्या पुस्तकाप्रमाणे वाचा,अनु योगिता मेहेंदळे,२५०,१६३
36,वेळेचे परिणामकारक व्यवस्थापन,अनु. अदिती भावे,१५०,९८
37,शेरलॉक होम्स भा १ एक अवलिया,अनु. अनघा देशपांडे,३३०,२१५
38,शेरलॉक होम्स भा २ तर्कशक्तीचं आयुध,अनु. अनघा देशपांडे,३३०,२१५
39,शेरलॉक होम्स भा ३ शुभसंकेत,अनु. अनघा देशपांडे,३००,१९५
40,शेरलॉक होम्स भा ४ अधुरे..तरी अतूट,अनु. अनघा देशपांडे,२४०,१५६
41,शेरलॉक होम्स भा ५ नि:शब्द,अनु. अनघा देशपांडे,३००,१९५
42,इराणच्या गुप्त नोंदी,अनु. प्रसाद साळवी,२८०,१८२
43,मानवी मेंदू,अनु. प्रसाद साळवी,१४०,९१
44,स्मरणशक्ती,अनु. प्रसाद साळवी,१४०,९१
45,द फेल्युअर प्रोजेक्ट,अनु. योगिता मेहेंदळे,४००,२६०
46,"मोदी ३.० अव्वल, उत्तुंग, अभेद्य",अनु. रोहन अंबिके,३००,१९५
47,पांडव राजकुमार अर्जुन एका योध्दाची,अनु. वैशाली पुरंदरे,४००,२६०
48,ध्येयनिश्चिती,अनु. सई साने,२३०,१५०
49,चालढकल करण्यापासून मुक्ती,अनु. स्नेहा केणी,१००,६५
50,विचारचक्रांचा योग्य उपयोग,अनु. स्नेहा केणी,३३०,२१५
51,राग समजून घेताना,अनु.आतिश कुलकर्णी,१७०,१११
52,आत्मसन्मान,अनु.कल्याणी कुलकर्णी,१२०,७८
53,चला थोडा कॉमन सेन्स वापरु या !,अनु.धनश्री भाटे,३००,१९५
54,एका गुलामाची आत्मकथा,अनुवाद ब्रिजमोहन हेडा,२२०,१४३
55,ट्रोजन हॉर्स आणि गुन्हेगारी शोधाच्या कथा,अनुवाद ब्रिजमोहन हेडा,२५०,१६३
56,माय मॅजिकल स्कूल,अभय बंग,70,53
57,शिक्षणाचे जादुई बेट,अभय बंग,70,53
58,जगाला पोखरणारी डावी वाळवी,अभिजित जोग,४५०,२९३
59,ब्रँडनामा २.०,अभिजित जोग,४९९,३२४
60,भारत सत्य-सत्व-स्वत्व,अभिजित जोग,४९९,३२४
61,आभाळाचे तुकडे,अभिराम भडकमकर,२७०,१७६
62,पहिला नंबरकारी,अमिता नायडू,350,263
63,द ट्रेजर आयलंड (अलार्म कॉल २),अमोल बापट,२५०,१६३
64,असे घडले शास्त्रज्ञ,अरविंद गुप्ता,250,188
65,अहा ऍक्टिव्हिटिज - उद्योगी व्हा,अरविंद गुप्ता,199,149
66,कचर्यातून कमाल,अरविंद गुप्ता,60,45
67,कचऱ्यातून करिष्मा,अरविंद गुप्ता,60,45
68,कचर्यातून चमत्कार,अरविंद गुप्ता,60,45
69,काडेपेटी आणि इतर विज्ञान खेळणी,अरविंद गुप्ता,70,53
70,खेळण्याचा खजिना,अरविंद गुप्ता,50,38
71,ग गणिताचा - गणितातील गमती,अरविंद गुप्ता,99,74
72,सोपी विज्ञान खेळणी,अरविंद गुप्ता,60,45
73,हॅण्ड ऑन - करून पहा,अरविंद गुप्ता,290,218
74,आज शाळेत काय विचारले?,अरुंधती चितळे,320,240
75,आपले पर्यावरण,अरुण जोशी,60,45
76,टीचर,अरुण ठाकूर,250,188
77,नथुरामायण की गांधी संमोहन? ,अरुण सारथी,१७०,१११
78,पंडित जवाहरलाल नेहरु खिलाफत ते काश्मीर,अरुण सारथी,४००,२६०
79,भारतीय संविधान एक मायाजाल,अरुण सारथी,१७०,१११
80,महाराष्ट्राची शोकांतिका,अरुण सारथी,२६०,१६९
81,शोध आधुनिक भारताचा,अरुण सारथी,३००,१९५
82,हिंदू-मुस्लीम वैमनस्याची ऐतिहासिक मीमांसा,अरुण सारथी,५००,३२५
83,सूर्य गिळणारी मी,अरुणा सबाने,600,450
84,भंगार,अशोक जाधव,250,188
85,सायन्स स्पार्क्स,अशोक रुपनेर,60,45
86,एकत्रित विचार करू या,अहिल्या चारी,150,113
87,आकाश कसे पहावे भाग-२,आनंद घैसास,130,98
88,आकाश कसे पहावे भाग-३,आनंद घैसास,150,113
89,आपली सूर्यमाला,आनंद घैसास,180,162
90,आपली सूर्यमाला: उपग्रह,आनंद घैसास,90,68
91,आपली सूर्यमाला: धूमकेतू,आनंद घैसास,90,68
92,कृष्णविवर,आनंद घैसास,90,68
93,खेळ खेळूया विज्ञानाचे डोंगर - भाग 3,आनंद घैसास,99,74
94,खेळ खेळूया विज्ञानाचे बिल्डिंग  - भाग-1,आनंद घैसास,99,74
95,खेळ खेळूया विज्ञानाचे मेम्बती - भाग-2,आनंद घैसास,99,74
96,ज्वालामुखी,आनंद घैसास,90,68
97,डायनोसॉर,आनंद घैसास,99,74
98,युवा विज्ञान कुतूहल - भाग-२,आनंद घैसास,90,68
99,युवा विज्ञान कुतूहल भाग-१,आनंद घैसास,90,68
100,युवा विज्ञान कुतूहल भाग-३,आनंद घैसास,90,68
101,विष्ठा,आनंद घैसास,99,74
102,शास्त्रज्ञ व्हा! भाग -१,आनंद घैसास,99,74
103,शास्त्रज्ञ व्हा! भाग -२,आनंद घैसास,99,74
104,शास्त्रज्ञ व्हा! भाग -३,आनंद घैसास,99,74
105,शास्त्रज्ञ व्हा! भाग -4,आनंद घैसास,99,74
106,हाऊ टू आब्जर्व स्काय पार्ट-१,आनंद घैसास,120,90
107,हाऊ टू आब्जर्व स्काय पार्ट-२,आनंद घैसास,120,90
108,हाऊ टू आब्जर्व स्काय पार्ट-३,आनंद घैसास,150,113
109,चिमुकलीचे देशप्रेम,आबा गोविंदा महाजन,२२०,१४३
110,टांगाटोली (द्वितीय आवृत्ती) ,आबा गोविंदा महाजन,१५०,९८
111,टू माय व्हिलेज (इंग्रजी),आबा गोविंदा महाजन,१३०,८५
112,ठोंब्या,आबा गोविंदा महाजन,१००,६५
113,ठोब्या गेला मंगळावर,आबा गोविंदा महाजन,२००,१३०
114,बिस्किटचा बंगला,आबा गोविंदा महाजन,१००,६५
115,बिस्किटचा बंगला (इंग्रजी),आबा गोविंदा महाजन,१००,६५
116,लई मज्जा रे (इंग्रजी),आबा गोविंदा महाजन,१२०,७८
117,लई मज्जा रे...,आबा गोविंदा महाजन,१२०,७८
118,सोनूची डॅशिंग गोष्ट,आबा गोविंदा महाजन,१५०,९८
119,हुर्रेऽऽ,आबा गोविंदा महाजन,१३०,८५
120,जॅक्रुला,आबा महाजन,99,74
121,बॉर्न अ क़ाईम,आभा पटवर्धन,360,270
122,अचूक इंग्रजी कसे बोलावे आणि लिहावे,आय.पी.अत्तरदे,120,90
123,चांदणी खाली पडली,आरती देशपांडे-भाटे,१५०,९८
124,चिंगी आणि मिंगी,आरती देशपांडे-भाटे,१००,६५
125,टोपीची गोष्ट,आरती देशपांडे-भाटे,१५०,९८
126,प्राण्यांची सहल,आरती देशपांडे-भाटे,१५०,९८
127,सुरवंट,आरती देशपांडे-भाटे,१५०,९८
128,नवा परीघ,आश्लेषा महाजन,२८०,१८२
129,गांधी जगलेली मानसं,इंदुमती जोंधळे,280,210
130,बिनपटाची चौकट,इंदुमती जोंधळे,380,285
131,छत्रपती शाहूमहाराज : सातारा,इस्माईल पठाण,499,374
132,छत्रपती शिवाजी महाराज,इस्माईल पठाण,800,600
133,छत्रपती संभाजी महाराज,इस्माईल पठाण,399,299
134,"Kusumagraj, Surve aani Bagool ()",उत्तम कांबळे,150,113
135,अस्वस्थ नायक,उत्तम कांबळे,250,188
136,कथा माणसांच्या,उत्तम कांबळे,320,240
137,कावळे आणि माणसं,उत्तम कांबळे,180,135
138,कुंभमेळ्यात भैरू,उत्तम कांबळे,130,98
139,जगण्याच्या जळत्या वाटा,उत्तम कांबळे,275,206
140,डोंगरासाठी काही फुले,उत्तम कांबळे,180,135
141,तिरंग्यातून गेला बाप,उत्तम कांबळे,150,113
142,पारध्याची गाय,उत्तम कांबळे,150,113
143,फिरस्ती,उत्तम कांबळे,230,173
144,रंग माणसांचे,उत्तम कांबळे,250,188
145,लढणार्यांच्या मुलाखती,उत्तम कांबळे,220,165
146,वाट तुडवताना,उत्तम कांबळे,290,218
147,टचिंग द व्हाइड,उषा:प्रभा पागे,160,120
148,निरामशाबेली डायान फॉसी,ऋता रानडे,350,263
149,अंधारवारी,ऋषिकेश गुप्ते,220,165
150,दैत्यालय,ऋषिकेश गुप्ते,220,165
151,आनंदाची बाग,एकनाथ आव्हाड,१२०,७८
152,छंद देई आनंद (द्वितीय आवृत्ती) ,एकनाथ आव्हाड,२००,१३०
153,एका समृद्ध शाळेचा प्रवास,कबीर वाजपेयी,450,338
154,गोष्टी गणिताच्या,किरण बर्वे,150,113
155,अंतरंग,कुमार केतकर,299,224
156,भारतीय भाषेतील धम्माल गोष्टी,कृपा कुलकर्णी,199,149
157,द इंडियन्स,गणेश देवी,899,674
158,बुद्धा अॅट वर्क्स,गीतांजली पंडीत,320,240
159,अनर्थशास्त्र,गुरुदास नूलकर,199,149
160,द सिक्रेट विस्डम ऑफ नेचर,गुरुदास नूलकर,300,225
161,द हिडन लाईफ ऑफ ट्रीज,गुरुदास नूलकर,320,240
162,आपुला चि वाद आपणांसी,चंद्रकांत वानखेडे,200,150
163,गांधी का मरत नाही,चंद्रकांत वानखेडे,200,150
164,मनोवृत्ती / एकाग्रता,चिन्मय केणी/प्रसाद ,१५०,९८
165,गणितातील गमती-जमती,जयंत नारळीकर,99,74
166,"माती, पंख आणि आकाश",ज्ञानेश्वर मुळे,250,213
167,नोबेल साहित्य दर्शन (१९९३ ते २०२२) भाग १,डॉ अश्विनी धोंगडे,४००,२६०
168,आपले डिजिटल जीवन,डॉ दीपक शिकारपूर,२२०,१४३
169,आर्टिफिशियल इंटेलिजन्स,डॉ दीपक शिकारपूर,२००,१३०
170,डिजिटल भारत,डॉ दीपक शिकारपूर,२००,१३०
171,आदिकाल : एक इतिहस (उत्तरार्ध),डॉ. अनिरुद्ध वझलवार,४००,२६०
172,आदिकाल : एक इतिहस (पूर्वार्ध),डॉ. अनिरुद्ध वझलवार,४००,२६०
173,एकदा काय झालं (५ पुस्तकांचा संच),डॉ. अमृता बेडेकर,४००,२६०
174,द फेट ऑफ द बटरफäलाईज,डॉ. अश्विनी धोंगडे,१४०,९१
175,आर्टिफिशियल इंटेलिजन्स २०२६±±,डॉ. दीपक शिकारपूर,३२०,२०८
176,पर्यावरण संरक्षणासाठी आधुनिक स्मार्ट तंत्रज्ञान,डॉ. दीपक शिकारपूर,२००,१३०
177,खगोलशास्त्रातील नोबेल पारितोषिके,डॉ. पुष्पा खरे,३००,१९५
178,तदभव,डॉ. रवींद्र शोभणे,२८०,१८२
179,प्रवाह,डॉ. रवींद्र शोभणे,२९०,१८९
180,वर्तमान,डॉ. रवींद्र शोभणे,२९०,१८९
181,चरित्रमाला (थोर समाजसुधारकांच्या १० पुस्तकांची),डॉ. लीला दीक्षित,७५०,४८८
182,अक्करमाशी,डॉ. शरणकुमार लिंबाळे,१८०,११७
183,गावकुसाबाहेरील कथा ,डॉ. शरणकुमार लिंबाळे,२२०,१४३
184,दलित पँथर (नवीन सुधारित आवृत्ती),डॉ. शरणकुमार लिंबाळे,५५०,३५८
185,पुन्हा अक्करमाशी (सहावी आवृत्ती),डॉ. शरणकुमार लिंबाळे,२००,१३०
186,राणीमाशी,डॉ. शरणकुमार लिंबाळे,१५०,९८
187,रामराज्य,डॉ. शरणकुमार लिंबाळे,४३०,२८०
188,वंदे मातरम् ,डॉ. शरणकुमार लिंबाळे,३००,१९५
189,सनातन,डॉ. शरणकुमार लिंबाळे,३००,१९५
190,अनुभवाचे बोल,डॉ. सुरेश सावंत,१८०,११७
191,अवखळ अप्पू,डॉ. सुरेश सावंत,२३०,१५०
192,बाळाची काळजी कशी घ्याल,डॉ.अनंत  फडके,180,135
193,गुड न्यूज आहे!,डॉ.अरुण गद्रे,350,263
194,बुद्धांसोबत क्षणोक्षणी,डॉ.आनंद नाडकर्णी,299,224
195,हेही दिवस जातील,डॉ.आनंद नाडकर्णी,150,113
196,इंडियाज मोस्ट फिअरलेस - 3,डॉ.आशा भागवत,420,315
197,एफर्टलेस वेट लॉस,डॉ.जगन्नाथ दीक्षित,250,188
198,मुलांसाठी मेडीकल जनरल नॉलेज भाग १,डॉ.जगन्नाथ दीक्षित,130,98
199,मुलांसाठी मेडीकल जनरल नॉलेज भाग ४,डॉ.जगन्नाथ दीक्षित,130,98
200,मुलांसाठी मेडीकल जनरल नॉलेज भाग ५,डॉ.जगन्नाथ दीक्षित,130,98
201,मुलांसाठी मेडीकल जनरल नॉलेज भाग-2,डॉ.जगन्नाथ दीक्षित,130,98
202,मुलांसाठी मेडीकल जनरल नॉलेज भाग-३,डॉ.जगन्नाथ दीक्षित,130,98
203,लर्न टू अर्न,डॉ.नितीन हांडे,370,278
204,आळशी माणसाचा विषय गणित,डॉ.प्रकाश जोशी,160,120
205,प्रजनन,डॉ.प्रकाश जोशी,380,285
206,कॉर्पोरेट चाणक्य,डॉ.प्रज्ञा कुलकर्णी,140,105
207,प्रश्न तुमचे उत्तर बिरबलाचे,डॉ.प्रज्ञा कुलकर्णी,170,128
208,चिंता,डॉ.प्रदीप पाटकर,180,135
209,अंगदेशाचा राजा-मेंदू,डॉ.बाळ फोंडके,90,68
210,अंगदेशाचा लढाया-रोगप्रतिकारशक्ती,डॉ.बाळ फोंडके,90,68
211,कसं,डॉ.बाळ फोंडके,120,90
212,का,डॉ.बाळ फोंडके,120,90
213,काय,डॉ.बाळ फोंडके,120,90
214,किती,डॉ.बाळ फोंडके,140,105
215,कुठं,डॉ.बाळ फोंडके,120,90
216,केव्हा,डॉ.बाळ फोंडके,120,90
217,कोण,डॉ.बाळ फोंडके,140,105
218,"बिरबलाचं \""विज्ञान\"" - भाग १",डॉ.बाळ फोंडके,110,83
219,"बिरबलाचं \""विज्ञान\"" - भाग २",डॉ.बाळ फोंडके,110,83
220,मनाच्या अंतरंगात्,डॉ.मिलिंद पोतदार,299,224
221,ध्यान- विज्ञान,डॉ.यश वेलणकर,250,188
222,कथा पालकांच्या व्यथा मुलांच्या,डॉ.राजेंद्र बर्वे,180,135
223,डिसिजन्स,डॉ.राजेंद्र बर्वे,280,210
224,विसंवादातून  सुसंवादाकडे,डॉ.राजेंद्र बर्वे,170,128
225,मी देशाला काय देऊ शकतो,डॉ.वृंदा चापेकर,250,188
226,बांधावरची झाडे,डॉ.व्ही.एन.शिंदे,260,195
227,भारतातील प्रमुख धर्म,डॉ.शरद अभ्यंकर,270,203
228,करिअरचा 'बी' प्लान,डॉ.श्रीराम गीत,199,149
229,पालकशाळा,डॉ.श्रीराम गीत,225,169
230,पौष्टिक आरोग्य,डॉ.संजीवनी राजवाडे,299,224
231,लज्जतदार आरोग्य,डॉ.संजीवनी राजवाडे,190,143
232,स्वादिष्ट आरोग्य,डॉ.संजीवनी राजवाडे,280,210
233,आत्महत्या हे उत्तर नाही,डॉ.संज्योत देशपांडे,400,300
234,माझा देश माझी माणसं,डॉ.सुरुची पांडे,280,210
235,सीतायन,तारा भवाळकर,250,188
236,"द लॉस्ट डायरी ऑफ कस्तुर, माय बा ",तुषार गांधी,399,299
237,शोध स्वामी विवेकानंदांचा,दत्तप्रसाद दाभोळकर,299,224
238,संघ समजून घेताना,दत्तप्रसाद दाभोळकर,280,210
239,अत्यंत प्रतिभावान मुलांची 7 वैशिष्ट्य,दिनेश व्होरा,170,128
240,आपली ग्रहमाला संच (भाग १ ते ६),दिलीप बर्वे,९००,५८५
241,कथा उद्योजकांच्या (१० पुस्तकांचा संच),दिलीप बर्वे,७००,४५५
242,"चंद्र, चंद्र आणि चंद्रच",दिलीप बर्वे,२४०,१५६
243,छोट्या अणूची मोठी गोष्ट,दिलीप बर्वे,१७०,१११
244,पुण्यश्लोक अहिल्यादेवी होळकर,दिलीप बर्वे,१५०,९८
245,थोर चित्रकार चोर,दीपक घारे,220,165
246,जग बदलणारे ग्रंथ,दीपा देशमुख,499,424
247,डायरेक्टर्स,दीपा देशमुख,580,493
248,तुमचे-आमचे सुपरहिरो - अच्युत गोडबोले,दीपा देशमुख,160,120
249,तुमचे-आमचे सुपरहिरो - अरविंद गुप्ता,दीपा देशमुख,130,98
250,तुमचे-आमचे सुपरहिरो - डॉ. प्रकाश आमटे,दीपा देशमुख,90,68
251,तुमचे-आमचे सुपरहिरो-ज्ञानेश्वर मुळे,दीपा देशमुख,99,74
252,मर्डेर मिस्ट्री,दीपा देशमुख,480,360
253,दिग्गज १,दीपा देशमुख ,440,330
254,दिग्गज २,दीपा देशमुख ,560,420
255,भारतीय जीनियस - १ निळा,दीपा देशमुख - अच्युत गोडबोले,180,153
256,भारतीय जीनियस - २ पिवळा,दीपा देशमुख - अच्युत गोडबोले,180,153
257,भारतीय जीनियस - 3 हिरवा,दीपा देशमुख - अच्युत गोडबोले,180,153
258,आशा ,देवदत्त पटनायक,170,128
259,पद्मावत,देवदत्त पटनायक,200,150
260,बाहुबली,देवदत्त पटनायक,350,263
261,योग  ,देवदत्त पटनायक,350,263
262,विवाह ,देवदत्त पटनायक,280,210
263,श्रद्धा,देवदत्त पटनायक,230,173
264,अफलातून अवलिये,द्वारकानाथ संझगिरी,२५०,१६३
265,अश्रू आणि षटकार,द्वारकानाथ संझगिरी,३००,१९५
266,क्रिकेट कॉकटेल,द्वारकानाथ संझगिरी,३२०,२०८
267,खेलंदाजी,द्वारकानाथ संझगिरी,२८०,१८२
268,फिरता फिरता,द्वारकानाथ संझगिरी,२६०,१६९
269,माझी बाहेरख्याली,द्वारकानाथ संझगिरी,३४०,२२१
270,वल्ली आणि वल्ली,द्वारकानाथ संझगिरी,२३०,१५०
271,वेदनेचं गाणं,द्वारकानाथ संझगिरी,२८०,१८२
272,शॅम्पेन क्रिकेट,द्वारकानाथ संझगिरी,३८०,२४७
273,व्हेन द मून शाईन्स बाय द डे,धनश्री भाटे/सई साने,१६०,१०४
274,अंताजीची बखर,नंदा खरे,350,263
275,डार्विन आणि जीवसृष्टीचे रहस्य,नंदा खरे,250,188
276,दगड-धोंडे,नंदा खरे,200,150
277,दगडावर दगड..विटेवर वीट,नंदा खरे,250,188
278,नाही मानियले बहुमता,नंदा खरे,800,600
279,बखर अंतकाळाची,नंदा खरे,400,300
280,संप्रति,नंदा खरे,299,224
281,एैसे कैसे झाले भोंदू,नरेंद्र दाभोळकर,299,224
282,दिवेलागणीची वेळ,ना. धों. महानोर,१६०,१०४
283,अज्ञात मुंबई,नितीन साळुंखे,475,356
284,अज्ञात मुंबई - २,नितीन साळुंखे,599,449
285,दिवास्वप्न,निरंजन घाटे,130,98
286,"प्रेम , स्पर्श आणि आकर्षण ",निरंजन घाटे,380,285
287,आर्टिफिशिअल इंटेलिजन्स,निलांबरी जोशी,350,263
288,जिथे मुलांना पंख फुटतात,निलांबरी जोशी,230,173
289,भारतातील गरिबी,नीलकंथ रथ,200,150
290,आनंदीबाई रघुनाथराव,नीला नातू,४८०,३१२
291,लक्ष्मी,नीला नातू,२६०,१६९
292,तुमचे-आमचे सुपरहिरो-विक्रम गायकवाड,नीलिमा बोरवणकर,99,74
293,तुमचे-आमचे सुपरहिरो-जे.के. रोलिंग,पूनम छत्रे,120,90
294,काजवा,पोपट काळे,350,263
295,गुणीसोबत शिकूया -भाग १ ते ५,प्रज्ञा वझे,७००,४५५
296,अडीच अक्षरांची गोष्ट,प्रदीप आवटे,199,149
297,इसापनीती,प्रभू गोखले,180,135
298,इसापनीती भाग-१,प्रभू गोखले,80,60
299,इसापनीती भाग-२,प्रभू गोखले,80,60
300,इसापनीती भाग-३,प्रभू गोखले,80,60
301,इसापनीती भाग-४,प्रभू गोखले,80,60
302,पंचतंत्र,प्रभू गोखले,70,53
303,पंचतंत्र भाग - १,प्रभू गोखले,90,68
304,पंचतंत्र भाग - २,प्रभू गोखले,90,68
305,पंचतंत्र भाग - ३,प्रभू गोखले,90,68
306,समास,प्रमोद मुनघाटे,350,263
307,एक पत्र आईच,प्रवीण दवणे,२३०,१५०
308,कवितेतल्या शान्ताबाई,प्रवीण दवणे,३२०,२०८
309,पंखभरारी,प्रवीण दवणे,२५०,१६३
310,पुस्तकांचं झाड,प्रवीण दवणे,१७०,१११
311,भ... भ.. भुताचा !,प्रवीण दवणे,१२०,७८
312,वाट पाहणारी गंमत गोष्ट,प्रवीण दवणे,२१०,१३७
313,शाळाई,प्रवीण दवणे,१५०,९८
314,शॉर्टकट,प्रसाद नामजोशी,390,293
315,झाडं लावणारे पक्षी,प्रसाद मणेरीकर,90,68
316,रानातले पाहुणे,प्रसाद मणेरीकर,90,68
317,ससुल्या,प्रसाद मणेरीकर,90,68
318,आकाश कोडी,प्रा. देवबा पाटील,१३०,८५
319,नभाची कोडी,प्रा. देवबा पाटील,१२०,७८
320,धुळाक्षरे इतिहासाची १ - देशाची फाळणी,प्राची देशपांडे,130,98
321,धुळाक्षरे इतिहासाची २ -देशाचे लोक,प्राची देशपांडे,130,98
322,धुळाक्षरे इतिहासाची ३ - देशाच्या भाषा,प्राची देशपांडे,130,98
323,बंटीची बहाद्दूरी,प्रीती वडनेरकर,२००,१३०
324,सुट्टीतल्या गोष्टी,प्रीती वडनेरकर,२००,१३०
325,समशेर आणि परग्रहावरचा माणूस,भारत ससाणे,125,94
326,समशेर आणि भूतबंग्ला,भारत ससाणे,150,113
327,समशेर आणि लांब मिशीवाल्या माणसाचं रहस्य,भारत ससाणे,125,94
328,पंचतंत्र आणि लिडरशीप,भालचंद्र साठे,240,180
329,आपली संसद,भालबा विभूते,130,98
330,आपल्या निवडणुका,भालबा विभूते,190,143
331,नागरिकांच्या अधिकारांची आणि कर्तव्यांची सनद,भालबा विभूते,150,113
332,भारताची शासनपद्धती,भालबा विभूते,160,120
333,अरुणोदय,भावेश ब्राह्मणकर,४००,२६०
334,प्रदूषण संच (भाग १ ते ४),भुस्कुटे/रमेश सहस्त्रबुद्धे,१६०,१०४
335,आधुनिक भस्मासुर,मंदार गद्रे,२७०,१७६
336,ऑब्सेशन ,मकरंद सापटणेकर,२८०,१८२
337,तुमचे-आमचे सुपरहिरो - आर.के. लक्ष्मण,मधुकर धर्मापुरीकर,99,74
338,द वील्डर ऑफ त्रिशूल,मधुरा बाळ,५००,३२५
339,मर्म मुद्रा,महावीर जोंधळे,280,210
340,भूमकाल,माधव सरकुंडे,480,360
341,जमशेटजी टाटा,माधवी कुलकर्णी,250,188
342,द स्पाय अँड टेृटर,माधवी कुलकर्णी,480,360
343,मायरा आणि देवराईचे गुपित भा १,मालविका देखणे,२००,१३०
344,मायरा आणि देवराईचे गुपित भा २,मालविका देखणे,१२०,७८
345,प्रयोग करूया शास्त्रज्ञ होऊया,मीना किणीकर,99,74
346,"प्रयोग करूयात, शास्त्रज्ञ होऊयात - खगोलशास्त्र",मीना किणीकर,99,74
347,"प्रयोग करूयात, शास्त्रज्ञ होऊयात - बायोलॉजी ",मीना किणीकर,120,90
348,"प्रयोग करूयात, शास्त्रज्ञ होऊयात - भूगोल, भूगभशास्त्र आणि हवामान",मीना किणीकर,99,74
349,"प्रयोग करूयात, शास्त्रज्ञ होऊयात - रसायनशास्त्र",मीना किणीकर,80,60
350,राई आणि इतर कथा,मुकुंद कुळे,99,74
351,पाणी : तुमचे-आमचे,मुकुंद धाराशिवकर,300,225
352,कारी द एलिफंट,मुकुंद वझे,120,90
353,जगणं वेचताना,मुक्ता मनोहर,299,224
354,अर्जुनाचा पुत्र अभिमन्यू,मृणाल धोंगडे/योगिता,३९९,२५९
355,द लिजंड ऑफ बर्हिजी नाईक-पन्हाळ्याचा वेढा,मृणाल धोंगडे/योगिता,४५०,२९३
356,द लिजंड ऑफ बर्हिजी नाईक-सुरतेवर छापा,मृणाल धोंगडे/योगिता,४५०,२९३
357,भारतीय भाषांची अनोखी कहाणी ,मेघना भुस्कुटे,399,299
358,अवयव बोलू लागतात,यश वेलणकर,199,149
359,"गुरुजी, तू मला आवडला ",युवराज माने,३३०,२१५
360,गोष्टीरुप १०१ म्हणी,योगेश्वर अभ्यंकर,१५०,९८
361,मी आहे (भाग १ ते १०),रघुवीर साखवळकर,३००,१९५
362,रजनी ते रज़िया,रजिया सुलतान,250,188
363,अंतर्बाह्य,रत्नाकर मतकरी,250,188
364,सवय जिंकण्याची,रमा नाडगौडा,240,180
365,नोआखाली,रमेश ओझा,270,203
366,कालपरवाच्या गोष्टी,रमेश जोशी,३००,१९५
367,ईंग्लिश ग्रामर इन मराठी,रमेश फुलारी,499,374
368,परकीय हात,रवि आमले,599,449
369,राॅ,रवि आमले,325,244
370,वरून ते बहिर्जी,रवि आमले,280,210
371,फुकटचेच सल्ले,रवींद्र तांबोळी,190,143
372,तुरुंगरंग,रवींद्रनाथ पाटील,550,413
373,स्वाधीन की दैवाधीन,रा गो साळवी,३५०,२२८
374,कॅप्टन टोफू आणि इतर कथा,राजीव तांबे,१४०,९१
375,गणित पत्ते गणित पक्के,राजीव तांबे,१७०,१११
376,ट्रायो,राजीव तांबे,२४०,१५६
377,डेंजरस झिरो ग्राऊंड प्लेट,राजीव तांबे,२२०,१४३
378,पकोडी,राजीव तांबे,135,101
379,पुस्तकं वाचणारा टोफू,राजीव तांबे,१४०,९१
380,राक्षसराज अगडबंब आणि जादूचा आरसा,राजीव तांबे,१८०,११७
381,राक्षसराज अगडबंब आणि धगधगते निखारे,राजीव तांबे,१८०,११७
382,राक्षसराज अगडबंब आणि बटाटेवडे,राजीव तांबे,२००,१३०
383,लंबेलांंब सायकल आणि इतर कथा,राजीव तांबे,१४०,९१
384,विकोडी,राजीव तांबे,135,101
385,जगायचं कसं,राजीव नंदकर,299,224
386,मनातली पत्रे,राजीव बर्वे,४५०,२९३
387,सरदार वल्लभभाई पटेल,राजेन्द्र साठे,425,319
388,ताई मी कलेक्टर व्हयनू,राजेश पाटील,200,170
389,शाळेपासून मुक्ती वर्षापुरती,राहुल अल्वारीस,130,98
390,अंदमानातील क्रांतीकारक,रुपेश पाटकर,225,169
391,ज्ञातापलीकडे,रेखा बैजल,२८०,१८२
392,न संपणारी रेघ,रेखा बैजल ,२३०,१५०
393,800 शालेय प्रकल्प,रेणू दांडेकर,150,113
394,अजबची गजब कथा,रेणू दांडेकर,१२०,७८
395,आम्ही सांगतो पाऊस आला,रेणू दांडेकर,१३०,८५
396,खेळातून व्याकरण ,रेणू दांडेकर,199,149
397,मुग्यांच्या जगात,रेणू दांडेकर,१३०,८५
398,विठू विठू विठोबा,रेणू दांडेकर,१२०,७८
399,शिकू या आनंदे,रेणू दांडेकर,160,120
400,संवाद तरुणाईशी,रेणू दांडेकर,100,75
401,सिंधी,रोहिणी तुकदेव,450,338
402,मी हिजडा... मी लक्ष्मी!,लक्ष्मीकांत त्रिपाठी,250,188
403,सावित्रीच्या गर्भात मारलेल्या लेकी,लक्ष्मीकांत देशमुख,250,188
404,एज्युकेटेड,वंदना भागवत,520,390
405,जंगलातील दिवाळी,वंदना हुळबत्ते,२००,१३०
406,गंमत शब्दांची,वर्षा चौगुले,225,169
407,राजमाता जिजाऊसाहेब,वसुधा पवार,225,169
408,स्वातंत्र्यसौदामिनी महाराणी ताराबाई,वसुधा पवार,250,188
409,विन्स्टन चर्चिल ,वि. ग. कानिटकर,७००,४५५
410,व्हिएतनाम : अर्थ आणि अनर्थ,वि. ग. कानिटकर,५००,३२५
411,हिटलरचे महायुद्ध,वि. ग. कानिटकर,१२०,७८
412,क्रांतीचे चित्र आणि चरित्र-माओ,वि. ग. कानिटकर ,६५०,४२३
413,धर्म महात्मा गांधीचा आणि स्वा. सावरकरांचा ,वि. ग. कानिटकर ,२५०,१६३
414,फाळणी-युगान्तापूर्वीचा काळोख,वि. ग. कानिटकर ,६५०,४२३
415,आपल्या मुली वाढविताना,विजया वाड,190,143
416,जीवाश्म,विद्याधर बोरकर,150,113
417,ऑपरेशन सिंदूर,विनायक डावरे,३००,१९५
418,गणिती चातुर्य कथा,विपुला अभ्यंकर,120,90
419,युगसंवाद,विश्राम गुप्ते,७००,४५५
420,प्रश्न तुमचे उत्तर तेनाली रमणचे,वृंदा चापेकर,180,135
421,पार्थसूत्र,वैभव केळकर,३००,१९५
422,जांभळीचा बंगला,वैशाली सूर्यवंशी,१५०,९८
423,तर्खडकर,व्ही.पी.कामतकर,350,263
424,कल्पक व्हावं कसं?,शिवराज गोर्ले,३५०,२२८
425,तुम्हीही व्हा श्रीमंत,शेखर गजभार,450,338
426,बहुरूप गांधी,शोभा भागवत,150,113
427,शिक्षण आणि शांती,शोभा भागवत,160,120
428,भारतरत्न (५० पुस्तकांचा संच),श्यामसुंदर मुळे,२०००,१३००
429,चांगले सूत्रसंचालन कसे करावे ,श्रीनिवास गडकरी,१३०,८५
430,वेळेचे व्यवस्थापन,श्रीनिवास गडकरी ,६०,३९
431,आणीबाणीचे नायक आणि खलनायक,श्रीमंत माने,580,435
432,हा देश आमचा आहे,श्रीमंत माने,325,244
433,तुमचे-आमचे सुपरहिरो - पी.व्ही.सिंधू,संजय डोंगरे,99,74
434,सलाम मलाला,संजय मेश्राम,160,120
435,नेहरुच्या ११५ घोडचुका ,संजय लडगे,७५०,४८८
436,कवडशांचे फूल,संजीवनी बोकील,३००,१९५
437,गोष्टीतून कबीर,संजीवनी बोकील,२३०,१५०
438,संत्याकुली   ,संतोष मळवीकर,425,319
439,पटयारा,संतोष शिंदे,430,323
440,भारतीय ज्ञानपरंपरा,संदीप जाधव/डॉ. संदीप,३३०,२१५
441,मॉंटुकले दिवस,संदेश कुलकर्णी,199,149
442,इंडियाज  मोस्ट फिअरलेस,संध्या रानडे,350,263
443,जुगाड,संध्या रानडे,400,300
444,अफगाणिस्तान: साम्राज्यांची दफनभूमी,सचिन दिवान,440,330
445,"यांनी घडवला""भारत""",सतीश कामत,170,128
446,कहाणी वाक्प्रचारांची,सदानंद कदम,250,188
447,कहाणी शब्दांची,सदानंद कदम,250,188
448,काळीजखुणा ,सदानंद कदम,299,224
449,गाथा स्वराज्याची,सदानंद कदम,399,299
450,पंडित जवाहरलाल नेहरू,सदानंद नाईक,150,113
451,या सम हा,सदानंद मोरे,350,263
452,चाहूर,समीर गायकवाड,330,248
453,झांबळ,समीर गायकवाड,280,210
454,अस्वस्थ नायकाचे अंतरंग,सरोज जगताप,320,240
455,इन्व्हेटॉनॉमी,सविता दामले,260,195
456,तुमचे-आमचे सुपरहिरो - शर्मिला इरोम,सविता दामले,99,74
457,तुमचे-आमचे सुपरहिरो रतन टाटा,सविता दामले,120,90
458,दूरदर्शी आंबेडकर,सविता दामले,399,299
459,श्यामची आई,सानेगुरुजी कथामाल,७०,४६
460,इंडियाज मोस्ट फिअरलेस - 2,सायली परांजपे,460,345
461,मान्सून : जन-गण-मन,सुनील तांबे,270,203
462,Nehru-Patel-Bose (नेहरू-पटेल-बोस),सुनील सांगळे,350,263
463,सिल्व्हर नीडल),सुमेध वडावाला,320,240
464,प्रश्नोपनिषद,सुरेश द्वादशीकर,250,188
465,स्मरण,सुरेश द्वादशीकर,270,203
466,कोकणातल्या गंमतीदार गोष्टी,सुहास बारटक्के,२००,१३०
467,अखेर,सुहास शिरवळकर,३००,१९५
468,अवाढव्य,सुहास शिरवळकर,३२०,२०८
469,अस्तित्व,सुहास शिरवळकर,४५०,२९३
470,इलेव्हथ अवर (डेमी),सुहास शिरवळकर,२००,१३०
471,उस्ताद (डेमी),सुहास शिरवळकर,२३०,१५०
472,ऑपरेशन बुलेट ,सुहास शिरवळकर,२३०,१५०
473,ऑब्जेक्शन युवर ऑनर,सुहास शिरवळकर,१६०,१०४
474,कट्टर,सुहास शिरवळकर,१६०,१०४
475,कलंक,सुहास शिरवळकर,२४०,१५६
476,कल्पांत (डेमी),सुहास शिरवळकर,३००,१९५
477,कोल्ड ब्लड (डेमी),सुहास शिरवळकर,२५०,१६३
478,कोवळीक (डेमी),सुहास शिरवळकर,२७०,१७६
479,खुनी पाऊस,सुहास शिरवळकर,२००,१३०
480,चक्रव्यूह,सुहास शिरवळकर,१६०,१०४
481,जाता येता,सुहास शिरवळकर,२६०,१६९
482,झंझावाती,सुहास शिरवळकर,१९०,१२४
483,तुकडा तुकडा चंद्र,सुहास शिरवळकर,२६०,१६९
484,थर्राट,सुहास शिरवळकर,२२०,१४३
485,दास्तान,सुहास शिरवळकर,२५०,१६३
486,दुनियादारी (विसावी आवृत्ती),सुहास शिरवळकर,३५०,२२८
487,पहाडी,सुहास शिरवळकर,२००,१३०
488,बरसात चांदण्याची (डेमी),सुहास शिरवळकर,२५०,१६३
489,मध्यरात्री,सुहास शिरवळकर,१८०,११७
490,मर्डर हाऊस,सुहास शिरवळकर,२५०,१६३
491,मातम,सुहास शिरवळकर,२१०,१३७
492,मास्टर प्लॅन,सुहास शिरवळकर,२२०,१४३
493,सनसनाटी,सुहास शिरवळकर,३२०,२०८
494,समांतर (सातवी आवृत्ती),सुहास शिरवळकर,२८०,१८२
495,सराईत (डेमी),सुहास शिरवळकर,२६०,१६९
496,सुहास शिरवळकरांच्या कविता,सुहास शिरवळकर,२२०,१४३
497,सॉरी सर,सुहास शिरवळकर,१६०,१०४
498,सॉलिड (डेमी),सुहास शिरवळकर,२२०,१४३
499,स्टार हंटर्स,सुहास शिरवळकर,४४०,२८६
500,हिरवी नजर,सुहास शिरवळकर,३००,१९५
501,तुमचे-आमचे सुपरहिरो: मेधा पाटकर,सोनाली नवांगुळ,80,60
502,डिटेक्टिव्ह अल्फा -‘अमर-अकबर-अँथनी’ कोडं,सौरभ वागळे,१८०,११७
503,डिटेक्टिव्ह अल्फा -‘मोरेवाडी इस्टेट’मधील रहस्य,सौरभ वागळे,२४०,१५६
504,डिटेक्टिव्ह अल्फा आणि कागदी पक्ष्यांचे गुपित,सौरभ वागळे,३२०,२०८
505,डिटेक्टिव्ह अल्फा आणि कोरलेल्या तीन आकृत्या,सौरभ वागळे,२४०,१५६
506,डिटेक्टिव्ह अल्फा आणि ग्रामदेवतेचा प्रकोप ,सौरभ वागळे,३२०,२०८
507,डिटेक्टिव्ह अल्फा आणि ब्लूमूरचे रहस्य,सौरभ वागळे,२७०,१७६
508,डिटेक्टिव्ह अल्फा आणि मखमली मोहजाल,सौरभ वागळे,३३०,२१५
509,डिटेक्टिव्ह अल्फा आणि मध्यरात्रीचं संगीत,सौरभ वागळे,३४०,२२१
510,डिटेक्टिव्ह अल्फा आणि मृत्यूचे संदेश,सौरभ वागळे,१८०,११७
511,बट्टोची खिडकी,स्मिता बनकर,२२०,१४३
512,तुमचे-आमचे सुपरहिरो अण्णा हजारे,स्वाती म्हाळक,70,53
513,पैशाची ताकद ओळखा,हर्षवर्धन कुलकर्णी,270,203
514,जे. कृष्णमूर्ती आणि कृष्णमूर्ती स्कूल्स,हेरंब कुलकर्णी,250,188
515,परीक्षेला पर्याय काय,हेरंब कुलकर्णी,360,270
516,देशोधडी,,400,300
